<?xml version="1.0" encoding="UTF-8" ?>
<XMLDB PATH="blocks/catalogue/db" VERSION="20160407" COMMENT="XMLDB file for Moodle blocks/catalogue"
    xmlns:xsi="http://www.w3.org/2001/XMLSchema-instance"
    xsi:noNamespaceSchemaLocation="../../../lib/xmldb/xmldb.xsd"
>
  <TABLES>
    <TABLE NAME="block_catalogue" COMMENT="Default comment for block_catalogue, please edit me">
      <FIELDS>
        <FIELD NAME="id" TYPE="int" LENGTH="10" NOTNULL="true" SEQUENCE="true"/>
      </FIELDS>
      <KEYS>
        <KEY NAME="primary" TYPE="primary" FIELDS="id"/>
      </KEYS>
    </TABLE>
    <TABLE NAME="block_catalogue_type" COMMENT="importance des éléments">
      <FIELDS>
        <FIELD NAME="id" TYPE="int" LENGTH="10" NOTNULL="true" SEQUENCE="true"/>
        <FIELD NAME="listid" TYPE="int" LENGTH="11" NOTNULL="true" SEQUENCE="false"/>
        <FIELD NAME="name" TYPE="char" LENGTH="40" NOTNULL="true" SEQUENCE="false"/>
      </FIELDS>
      <KEYS>
        <KEY NAME="primary" TYPE="primary" FIELDS="id"/>
      </KEYS>
    </TABLE>
    <TABLE NAME="block_catalogue_element" COMMENT="">
      <FIELDS>
        <FIELD NAME="id" TYPE="int" LENGTH="10" NOTNULL="true" SEQUENCE="true"/>
        <FIELD NAME="listname" TYPE="char" LENGTH="20" NOTNULL="true" SEQUENCE="false"/>
        <FIELD NAME="category" TYPE="char" LENGTH="20" NOTNULL="true" SEQUENCE="false"/>
        <FIELD NAME="name" TYPE="char" LENGTH="20" NOTNULL="true" SEQUENCE="false"/>
      </FIELDS>
      <KEYS>
        <KEY NAME="primary" TYPE="primary" FIELDS="id"/>
      </KEYS>
    </TABLE>
    <TABLE NAME="block_catalogue_data" COMMENT="Descriptions, links, pictures...">
      <FIELDS>
        <FIELD NAME="id" TYPE="int" LENGTH="10" NOTNULL="true" SEQUENCE="true"/>
        <FIELD NAME="listname" TYPE="char" LENGTH="20" NOTNULL="true" SEQUENCE="false"/>
        <FIELD NAME="elementname" TYPE="char" LENGTH="40" NOTNULL="true" SEQUENCE="false"/>
        <FIELD NAME="lang" TYPE="char" LENGTH="4" NOTNULL="false" SEQUENCE="false"/>
        <FIELD NAME="nature" TYPE="char" LENGTH="20" NOTNULL="true" SEQUENCE="false"/>
        <FIELD NAME="data" TYPE="text" NOTNULL="false" SEQUENCE="false"/>
      </FIELDS>
      <KEYS>
        <KEY NAME="primary" TYPE="primary" FIELDS="id"/>
      </KEYS>
    </TABLE>
    <TABLE NAME="block_catalogue_fav" COMMENT="">
      <FIELDS>
        <FIELD NAME="id" TYPE="int" LENGTH="10" NOTNULL="true" SEQUENCE="true"/>
        <FIELD NAME="userid" TYPE="int" LENGTH="11" NOTNULL="true" SEQUENCE="false"/>
        <FIELD NAME="listname" TYPE="char" LENGTH="20" NOTNULL="true" SEQUENCE="false"/>
        <FIELD NAME="elementname" TYPE="char" LENGTH="20" NOTNULL="true" SEQUENCE="false" COMMENT="les éléments"/>
      </FIELDS>
      <KEYS>
        <KEY NAME="primary" TYPE="primary" FIELDS="id"/>
      </KEYS>
    </TABLE>
    <TABLE NAME="block_catalogue_hide" COMMENT="Elements not shown to teachers">
      <FIELDS>
        <FIELD NAME="id" TYPE="int" LENGTH="10" NOTNULL="true" SEQUENCE="true"/>
        <FIELD NAME="listname" TYPE="char" LENGTH="20" NOTNULL="true" SEQUENCE="false"/>
        <FIELD NAME="elementname" TYPE="char" LENGTH="20" NOTNULL="true" SEQUENCE="false" COMMENT="les éléments"/>
      </FIELDS>
      <KEYS>
        <KEY NAME="primary" TYPE="primary" FIELDS="id"/>
      </KEYS>
    </TABLE>
  </TABLES>
</XMLDB>
